repository,visibility,default_branch,triage_category,canonical_journal_action,url
Agent-K1-K1,public,main,core-existing-update,update-existing-project-lineage,https://github.com/Azimn/Agent-K1-K1
Agent-Pretorius,public,main,core-new,create-or-expand-core-record,https://github.com/Azimn/Agent-Pretorius
AliceMod,public,main,agent-tooling,update-tools-archive,https://github.com/Azimn/AliceMod
Artificial-Life-Research-Journal,public,main,journal,canonical-home,https://github.com/Azimn/Artificial-Life-Research-Journal
Attractomancy,public,main,core-new,create-or-expand-core-record,https://github.com/Azimn/Attractomancy
Bicentennial-Man,public,main,core-existing-update,update-existing-project-lineage,https://github.com/Azimn/Bicentennial-Man
calibos-mind,public,main,core-new,create-or-expand-core-record,https://github.com/Azimn/calibos-mind
CastleCopya,public,main,other-game,retain-other-project-registry,https://github.com/Azimn/CastleCopya
champion-versus-challenger,public,main,core-existing-update,update-existing-project-lineage,https://github.com/Azimn/champion-versus-challenger
chatbotAIML,public,master,external-fork-or-reference,prior-art-only,https://github.com/Azimn/chatbotAIML
ClawPhone,public,main,agent-tooling,update-tools-archive,https://github.com/Azimn/ClawPhone
Context_Streams_for_ai_class,public,main,other-teaching,retain-other-project-registry,https://github.com/Azimn/Context_Streams_for_ai_class
DUCK,public,main,core-existing-update,update-existing-project-lineage,https://github.com/Azimn/DUCK
Dungeon-Crawler-Carl-Atari-7800,public,main,other-game,retain-other-project-registry,https://github.com/Azimn/Dungeon-Crawler-Carl-Atari-7800
epistemic-verisimilitude-engine,public,main,research-candidate-limited,record-boundary-and-inspect,https://github.com/Azimn/epistemic-verisimilitude-engine
FirstPersonLoopTest,public,main,core-existing-update,update-existing-project-lineage,https://github.com/Azimn/FirstPersonLoopTest
Flowise,public,main,agent-tooling,update-tools-archive,https://github.com/Azimn/Flowise
Frankenstein,public,main,core-new,create-or-expand-core-record,https://github.com/Azimn/Frankenstein
frankenstein-village,public,main,production-world,record-game-testbed-crosswalk,https://github.com/Azimn/frankenstein-village
game-night,public,main,research-candidate-limited,record-boundary-and-inspect,https://github.com/Azimn/game-night
gomoku,public,master,other-game,retain-other-project-registry,https://github.com/Azimn/gomoku
Homuncula-,public,main,agent-tooling,update-tools-archive,https://github.com/Azimn/Homuncula-
integration-harness,public,main,core-existing-update,update-existing-project-lineage,https://github.com/Azimn/integration-harness
Jelly-Psiduck,public,main,core-existing-update,update-existing-project-lineage,https://github.com/Azimn/Jelly-Psiduck
Kids-game,public,main,other-game,retain-other-project-registry,https://github.com/Azimn/Kids-game
Kiki-Mind,public,main,core-existing-update,update-existing-project-lineage,https://github.com/Azimn/Kiki-Mind
Kurzweil-Brain-Experiments,public,main,core-existing-update,update-existing-project-lineage,https://github.com/Azimn/Kurzweil-Brain-Experiments
Links-3DS,public,main,other-game,retain-other-project-registry,https://github.com/Azimn/Links-3DS
mario,public,gh-pages,other-game,retain-other-project-registry,https://github.com/Azimn/mario
metaphysical-man,public,main,core-existing-update,update-existing-project-lineage,https://github.com/Azimn/metaphysical-man
Mixamo-Scripts-for-3DS-MAx,public,main,other-graphics,retain-other-project-registry,https://github.com/Azimn/Mixamo-Scripts-for-3DS-MAx
moemate-core,public,main,agent-tooling,update-tools-archive,https://github.com/Azimn/moemate-core
museDesk,public,main,agent-tooling,update-tools-archive,https://github.com/Azimn/museDesk
npc-steering-plus,public,main,core-new,create-or-expand-core-record,https://github.com/Azimn/npc-steering-plus
Omnicore,public,main,core-existing-update,update-existing-project-lineage,https://github.com/Azimn/Omnicore
openbor,public,master,other-game,retain-other-project-registry,https://github.com/Azimn/openbor
openclaw,public,main,agent-tooling,update-tools-archive,https://github.com/Azimn/openclaw
PEMA-Creaturez,public,main,core-existing-update,update-existing-project-lineage,https://github.com/Azimn/PEMA-Creaturez
persona_engine_PYTHONX,public,main,core-existing-update,update-existing-project-lineage,https://github.com/Azimn/persona_engine_PYTHONX
Persona-and-Jelly-Sandwich-,public,main,core-existing-update,update-existing-project-lineage,https://github.com/Azimn/Persona-and-Jelly-Sandwich-
personaconsolev5A,public,main,core-existing-update,update-existing-project-lineage,https://github.com/Azimn/personaconsolev5A
picoclaw,public,main,agent-tooling,update-tools-archive,https://github.com/Azimn/picoclaw
Pretorius,public,main,agent-tooling,update-tools-archive,https://github.com/Azimn/Pretorius
Pretorius-Connectome,public,main,core-new,create-or-expand-core-record,https://github.com/Azimn/Pretorius-Connectome
Pretorius-Neural-Network,public,main,core-existing-update,update-existing-project-lineage,https://github.com/Azimn/Pretorius-Neural-Network
Pretorius.github.io,public,main,core-existing-update,update-existing-project-lineage,https://github.com/Azimn/Pretorius.github.io
rho,public,main,agent-tooling,update-tools-archive,https://github.com/Azimn/rho
starter-kit-3d-platformer,public,main,other-game,retain-other-project-registry,https://github.com/Azimn/starter-kit-3d-platformer
starter-kit-match-3,public,main,other-game,retain-other-project-registry,https://github.com/Azimn/starter-kit-match-3
SushiNights,public,master,other-game,retain-other-project-registry,https://github.com/Azimn/SushiNights
The-Bride-of-Frankenstein,public,main,core-new,create-or-expand-core-record,https://github.com/Azimn/The-Bride-of-Frankenstein
The-Doctor-Lives,public,main,core-new,create-or-expand-core-record,https://github.com/Azimn/The-Doctor-Lives
TinyPersonaEngine,public,main,core-existing-update,update-existing-project-lineage,https://github.com/Azimn/TinyPersonaEngine
